{
  "taskList": [{
    "productId": 0,
    "phaseId": 0,
    "cycle": 0,
    "milestoneId": 0,
    "rotationGrpNum": 217,
    "taskId": 1,
    "taskIdStr": "1",
    "actionMap": 1,
    "actionLabel": "Manual Task",
    "longTaskLabel": "Get COC EIN's file from the regions",
    "shortTaskLabel": "Get COC EIN's file",
    "userId": 1067,
    "resourceLabel": "Rambabu Mandati",
    "startDate": "2018-06-08T04:00:00.000+0000",
    "endDate": "2018-11-14T05:00:00.000+0000",
    "taskEventType": "getManualTask",
    "showNoteImage": true,
    "statusImage": "Completed",
    "isComplete": true,
    "completedLabel": "Dec 10, 2018 by Rambabu Mandati",
    "isSpanTask": false,
    "isRunning": false,
    "isError": false,
    "isEmbargo": false
  }, {
    "productId": 0,
    "phaseId": 0,
    "cycle": 0,
    "milestoneId": 0,
    "rotationGrpNum": 217,
    "taskId": 2,
    "taskIdStr": "2",
    "actionMap": 1,
    "actionLabel": "Manual Task",
    "longTaskLabel": "Write Tech Memo for Panel Changes",
    "shortTaskLabel": "Write Tech Memo for Panel Changes",
    "userId": 1067,
    "resourceLabel": "Rambabu Mandati",
    "startDate": "2018-06-08T04:00:00.000+0000",
    "endDate": "2018-10-09T04:00:00.000+0000",
    "taskEventType": "getManualTask",
    "showNoteImage": false,
    "statusImage": "NotCompleted",
    "isComplete": false,
    "completedLabel": null,
    "isSpanTask": false,
    "isRunning": false,
    "isError": false,
    "isEmbargo": false
  }, {
    "productId": 0,
    "phaseId": 0,
    "cycle": 0,
    "milestoneId": 0,
    "rotationGrpNum": 217,
    "taskId": 3,
    "taskIdStr": "3",
    "actionMap": 1,
    "actionLabel": "Manual Task",
    "longTaskLabel": "Get LDB file",
    "shortTaskLabel": "Get LDB file",
    "userId": 1067,
    "resourceLabel": "Rambabu Mandati",
    "startDate": "2018-06-08T04:00:00.000+0000",
    "endDate": "2018-10-09T04:00:00.000+0000",
    "taskEventType": "getManualTask",
    "showNoteImage": false,
    "statusImage": "NotCompleted",
    "isComplete": false,
    "completedLabel": null,
    "isSpanTask": false,
    "isRunning": false,
    "isError": false,
    "isEmbargo": false
  }, {
    "productId": 0,
    "phaseId": 0,
    "cycle": 0,
    "milestoneId": 0,
    "rotationGrpNum": 217,
    "taskId": 4,
    "taskIdStr": "4",
    "actionMap": 2,
    "actionLabel": "Run Job",
    "longTaskLabel": "Run Create Frame Program",
    "shortTaskLabel": "Run Create Frame Program",
    "userId": 1067,
    "resourceLabel": "Rambabu Mandati",
    "startDate": "2018-06-08T04:00:00.000+0000",
    "endDate": "2018-10-09T04:00:00.000+0000",
    "taskEventType": "getJobTask",
    "showNoteImage": false,
    "statusImage": "NotCompleted",
    "isComplete": false,
    "completedLabel": null,
    "isSpanTask": false,
    "isRunning": false,
    "isError": false,
    "isEmbargo": false
  }, {
    "productId": 0,
    "phaseId": 0,
    "cycle": 0,
    "milestoneId": 0,
    "rotationGrpNum": 217,
    "taskId": 5,
    "taskIdStr": "5",
    "actionMap": 5,
    "actionLabel": "Mis Area Report",
    "longTaskLabel": "Check Missing Area Report",
    "shortTaskLabel": "Check Missing Area Report",
    "userId": 1067,
    "resourceLabel": "Rambabu Mandati",
    "startDate": "2018-06-08T04:00:00.000+0000",
    "endDate": "2018-10-09T04:00:00.000+0000",
    "taskEventType": "getMisAreaReport",
    "showNoteImage": true,
    "statusImage": "NotCompleted",
    "isComplete": false,
    "completedLabel": null,
    "isSpanTask": false,
    "isRunning": false,
    "isError": false,
    "isEmbargo": false
  }, {
    "productId": 0,
    "phaseId": 0,
    "cycle": 0,
    "milestoneId": 0,
    "rotationGrpNum": 217,
    "taskId": 8,
    "taskIdStr": "8",
    "actionMap": 8,
    "actionLabel": "Apprv Certainty Report",
    "longTaskLabel": "Sign off on Missing Certainty Report",
    "shortTaskLabel": "Sign off on Missing Certainty Report",
    "userId": 1067,
    "resourceLabel": "Rambabu Mandati",
    "startDate": "2018-06-09T04:00:00.000+0000",
    "endDate": "2018-10-10T04:00:00.000+0000",
    "taskEventType": "apprvCertReport",
    "showNoteImage": false,
    "statusImage": "NotCompleted",
    "isComplete": false,
    "completedLabel": null,
    "isSpanTask": false,
    "isRunning": false,
    "isError": false,
    "isEmbargo": false
  }, {
    "productId": 0,
    "phaseId": 0,
    "cycle": 0,
    "milestoneId": 0,
    "rotationGrpNum": 217,
    "taskId": 9,
    "taskIdStr": "9",
    "actionMap": 2,
    "actionLabel": "Run Job",
    "longTaskLabel": "Run Allocation Against Frame Program",
    "shortTaskLabel": "Run Allocation Against Frame Program",
    "userId": 1067,
    "resourceLabel": "Rambabu Mandati",
    "startDate": "2018-06-09T04:00:00.000+0000",
    "endDate": "2018-10-10T04:00:00.000+0000",
    "taskEventType": "getJobTask",
    "showNoteImage": false,
    "statusImage": "NotCompleted",
    "isComplete": false,
    "completedLabel": null,
    "isSpanTask": false,
    "isRunning": false,
    "isError": false,
    "isEmbargo": false
  }, {
    "productId": 0,
    "phaseId": 0,
    "cycle": 0,
    "milestoneId": 0,
    "rotationGrpNum": 217,
    "taskId": 10,
    "taskIdStr": "10",
    "actionMap": 9,
    "actionLabel": "Allocation Report",
    "longTaskLabel": "Check Allocation Greater than Frame Report",
    "shortTaskLabel": "Check Allocation Greater than Frame Report",
    "userId": 1067,
    "resourceLabel": "Rambabu Mandati",
    "startDate": "2018-06-09T04:00:00.000+0000",
    "endDate": "2018-10-10T04:00:00.000+0000",
    "taskEventType": "getAllocReport",
    "showNoteImage": false,
    "statusImage": "NotCompleted",
    "isComplete": false,
    "completedLabel": null,
    "isSpanTask": false,
    "isRunning": false,
    "isError": false,
    "isEmbargo": false
  }, {
    "productId": 0,
    "phaseId": 0,
    "cycle": 0,
    "milestoneId": 0,
    "rotationGrpNum": 217,
    "taskId": 11,
    "taskIdStr": "11",
    "actionMap": 10,
    "actionLabel": "Apprv Allocation Report",
    "longTaskLabel": "Signs off on Allocation Greater than Frame Report",
    "shortTaskLabel": "Signs off on Allocation Greater than Frame Report",
    "userId": 1067,
    "resourceLabel": "Rambabu Mandati",
    "startDate": "2018-06-09T04:00:00.000+0000",
    "endDate": "2018-10-11T04:00:00.000+0000",
    "taskEventType": "apprvAllocReport",
    "showNoteImage": false,
    "statusImage": "NotCompleted",
    "isComplete": false,
    "completedLabel": null,
    "isSpanTask": false,
    "isRunning": false,
    "isError": false,
    "isEmbargo": false
  }, {
    "productId": 0,
    "phaseId": 0,
    "cycle": 0,
    "milestoneId": 0,
    "rotationGrpNum": 217,
    "taskId": 12,
    "taskIdStr": "12",
    "actionMap": 2,
    "actionLabel": "Run Job",
    "longTaskLabel": "Run Select Sample (Non-certainties / Certainty Selection and Sets Overlaps) Program",
    "shortTaskLabel": "Run Select Sample (Non-certainties Selection and Sets Overlaps) Program",
    "userId": 1067,
    "resourceLabel": "Rambabu Mandati",
    "startDate": "2018-06-19T04:00:00.000+0000",
    "endDate": "2019-01-11T05:00:00.000+0000",
    "taskEventType": "getJobTask",
    "showNoteImage": false,
    "statusImage": "NotCompleted",
    "isComplete": false,
    "completedLabel": null,
    "isSpanTask": false,
    "isRunning": false,
    "isError": false,
    "isEmbargo": false
  }, {
    "productId": 0,
    "phaseId": 0,
    "cycle": 0,
    "milestoneId": 0,
    "rotationGrpNum": 217,
    "taskId": 13,
    "taskIdStr": "13",
    "actionMap": 1,
    "actionLabel": "Manual Task",
    "longTaskLabel": "Write Tech Memo for Final Sample",
    "shortTaskLabel": "Write Tech Memo for Final Sample",
    "userId": 1067,
    "resourceLabel": "Rambabu Mandati",
    "startDate": "2018-06-19T04:00:00.000+0000",
    "endDate": "2018-10-26T04:00:00.000+0000",
    "taskEventType": "getManualTask",
    "showNoteImage": false,
    "statusImage": "NotCompleted",
    "isComplete": false,
    "completedLabel": null,
    "isSpanTask": false,
    "isRunning": false,
    "isError": false,
    "isEmbargo": false
  }, {
    "productId": 0,
    "phaseId": 0,
    "cycle": 0,
    "milestoneId": 0,
    "rotationGrpNum": 217,
    "taskId": 14,
    "taskIdStr": "14",
    "actionMap": 3,
    "actionLabel": "Review Task",
    "longTaskLabel": "Review Frame Reports & Sample Reports",
    "shortTaskLabel": "Review Frame Reports & Sample Reports",
    "userId": 1067,
    "resourceLabel": "Rambabu Mandati",
    "startDate": "2018-06-19T04:00:00.000+0000",
    "endDate": "2019-01-11T05:00:00.000+0000",
    "taskEventType": "getReviewTask",
    "showNoteImage": false,
    "statusImage": "NotCompleted",
    "isComplete": false,
    "completedLabel": null,
    "isSpanTask": false,
    "isRunning": false,
    "isError": false,
    "isEmbargo": false
  }, {
    "productId": 0,
    "phaseId": 0,
    "cycle": 0,
    "milestoneId": 0,
    "rotationGrpNum": 217,
    "taskId": 15,
    "taskIdStr": "15",
    "actionMap": 11,
    "actionLabel": "Atlanta Panel Changes",
    "longTaskLabel": "Atlanta Panel Changes",
    "shortTaskLabel": "Atlanta Panel Changes",
    "userId": 1067,
    "resourceLabel": "Rambabu Mandati",
    "startDate": "2018-06-19T04:00:00.000+0000",
    "endDate": "2019-01-11T05:00:00.000+0000",
    "taskEventType": "getAtlantaPanelChanges",
    "showNoteImage": false,
    "statusImage": "NotCompleted",
    "isComplete": false,
    "completedLabel": null,
    "isSpanTask": false,
    "isRunning": false,
    "isError": false,
    "isEmbargo": false
  }, {
    "productId": 0,
    "phaseId": 0,
    "cycle": 0,
    "milestoneId": 0,
    "rotationGrpNum": 217,
    "taskId": 16,
    "taskIdStr": "16",
    "actionMap": 12,
    "actionLabel": "Boston Panel Changes",
    "longTaskLabel": "Boston Panel Changes",
    "shortTaskLabel": "Boston Panel Changes",
    "userId": 1067,
    "resourceLabel": "Rambabu Mandati",
    "startDate": "2018-06-19T04:00:00.000+0000",
    "endDate": "2019-01-11T05:00:00.000+0000",
    "taskEventType": "getBostonPanelChanges",
    "showNoteImage": false,
    "statusImage": "NotCompleted",
    "isComplete": false,
    "completedLabel": null,
    "isSpanTask": false,
    "isRunning": false,
    "isError": false,
    "isEmbargo": false
  }, {
    "productId": 0,
    "phaseId": 0,
    "cycle": 0,
    "milestoneId": 0,
    "rotationGrpNum": 217,
    "taskId": 17,
    "taskIdStr": "17",
    "actionMap": 13,
    "actionLabel": "Chicago Panel Changes",
    "longTaskLabel": "Chicago Panel Changes",
    "shortTaskLabel": "Chicago Panel Changes",
    "userId": 1067,
    "resourceLabel": "Rambabu Mandati",
    "startDate": "2018-06-19T04:00:00.000+0000",
    "endDate": "2019-01-11T05:00:00.000+0000",
    "taskEventType": "getChicagoPanelChanges",
    "showNoteImage": false,
    "statusImage": "NotCompleted",
    "isComplete": false,
    "completedLabel": null,
    "isSpanTask": false,
    "isRunning": false,
    "isError": false,
    "isEmbargo": false
  }, {
    "productId": 0,
    "phaseId": 0,
    "cycle": 0,
    "milestoneId": 0,
    "rotationGrpNum": 217,
    "taskId": 18,
    "taskIdStr": "18",
    "actionMap": 14,
    "actionLabel": "Dallas Panel Changes",
    "longTaskLabel": "Dallas Panel Changes",
    "shortTaskLabel": "Dallas Panel Changes",
    "userId": 1067,
    "resourceLabel": "Rambabu Mandati",
    "startDate": "2018-06-19T04:00:00.000+0000",
    "endDate": "2019-01-11T05:00:00.000+0000",
    "taskEventType": "getDallasPanelChanges",
    "showNoteImage": false,
    "statusImage": "NotCompleted",
    "isComplete": false,
    "completedLabel": null,
    "isSpanTask": false,
    "isRunning": false,
    "isError": false,
    "isEmbargo": false
  }, {
    "productId": 0,
    "phaseId": 0,
    "cycle": 0,
    "milestoneId": 0,
    "rotationGrpNum": 217,
    "taskId": 19,
    "taskIdStr": "19",
    "actionMap": 15,
    "actionLabel": "Philadelphia Panel Changes",
    "longTaskLabel": "Philadelphia Panel Changes",
    "shortTaskLabel": "Philadelphia Panel Changes",
    "userId": 1067,
    "resourceLabel": "Rambabu Mandati",
    "startDate": "2018-06-19T04:00:00.000+0000",
    "endDate": "2019-01-11T05:00:00.000+0000",
    "taskEventType": "getPhillyPanelChanges",
    "showNoteImage": false,
    "statusImage": "NotCompleted",
    "isComplete": false,
    "completedLabel": null,
    "isSpanTask": false,
    "isRunning": false,
    "isError": false,
    "isEmbargo": false
  }, {
    "productId": 0,
    "phaseId": 0,
    "cycle": 0,
    "milestoneId": 0,
    "rotationGrpNum": 217,
    "taskId": 20,
    "taskIdStr": "20",
    "actionMap": 16,
    "actionLabel": "San Francisco Panel Changes",
    "longTaskLabel": "San Francisco Panel Changes",
    "shortTaskLabel": "San Francisco Panel Changes",
    "userId": 1067,
    "resourceLabel": "Rambabu Mandati",
    "startDate": "2018-06-19T04:00:00.000+0000",
    "endDate": "2019-01-21T05:00:00.000+0000",
    "taskEventType": "getSanFranPanelChanges",
    "showNoteImage": false,
    "statusImage": "NotCompleted",
    "isComplete": false,
    "completedLabel": null,
    "isSpanTask": false,
    "isRunning": false,
    "isError": false,
    "isEmbargo": false
  }, {
    "productId": 0,
    "phaseId": 0,
    "cycle": 0,
    "milestoneId": 0,
    "rotationGrpNum": 217,
    "taskId": 21,
    "taskIdStr": "21",
    "actionMap": 2,
    "actionLabel": "Run Job",
    "longTaskLabel": "Run Post Panel Change Reports",
    "shortTaskLabel": "Run Post Panel Change Reports",
    "userId": 1067,
    "resourceLabel": "Rambabu Mandati",
    "startDate": "2018-06-19T04:00:00.000+0000",
    "endDate": "2019-01-21T05:00:00.000+0000",
    "taskEventType": "getJobTask",
    "showNoteImage": false,
    "statusImage": "NotCompleted",
    "isComplete": false,
    "completedLabel": null,
    "isSpanTask": false,
    "isRunning": false,
    "isError": false,
    "isEmbargo": false
  }, {
    "productId": 0,
    "phaseId": 0,
    "cycle": 0,
    "milestoneId": 0,
    "rotationGrpNum": 217,
    "taskId": 22,
    "taskIdStr": "22",
    "actionMap": 17,
    "actionLabel": "Panel Changes tab for review and Send Email",
    "longTaskLabel": "Approve Panel Changes and Final Sample",
    "shortTaskLabel": "Approve Panel Changes and Final Sample",
    "userId": 1067,
    "resourceLabel": "Rambabu Mandati",
    "startDate": "2018-06-19T04:00:00.000+0000",
    "endDate": "2019-01-29T05:00:00.000+0000",
    "taskEventType": "apprvPanelChanges",
    "showNoteImage": false,
    "statusImage": "NotCompleted",
    "isComplete": false,
    "completedLabel": null,
    "isSpanTask": false,
    "isRunning": false,
    "isError": false,
    "isEmbargo": false
  }, {
    "productId": 0,
    "phaseId": 0,
    "cycle": 0,
    "milestoneId": 0,
    "rotationGrpNum": 217,
    "taskId": 23,
    "taskIdStr": "23",
    "actionMap": 18,
    "actionLabel": "Email Task",
    "longTaskLabel": "Verify the data moved from Oracle to Sybase",
    "shortTaskLabel": "Verify the data moved from Oracle to Sybase",
    "userId": 1067,
    "resourceLabel": "Rambabu Mandati",
    "startDate": "2018-06-19T04:00:00.000+0000",
    "endDate": "2019-05-31T04:00:00.000+0000",
    "taskEventType": "getEmailTask",
    "showNoteImage": false,
    "statusImage": "NotCompleted",
    "isComplete": false,
    "completedLabel": null,
    "isSpanTask": false,
    "isRunning": false,
    "isError": false,
    "isEmbargo": false
  }, {
    "productId": 0,
    "phaseId": 0,
    "cycle": 0,
    "milestoneId": 0,
    "rotationGrpNum": 217,
    "taskId": 24,
    "taskIdStr": "24",
    "actionMap": 2,
    "actionLabel": "Run Job",
    "longTaskLabel": "Rotation Schedule Report",
    "shortTaskLabel": "Rotation Schedule Report",
    "userId": 1067,
    "resourceLabel": "Rambabu Mandati",
    "startDate": "2018-06-19T04:00:00.000+0000",
    "endDate": "2019-05-31T04:00:00.000+0000",
    "taskEventType": "getJobTask",
    "showNoteImage": false,
    "statusImage": "NotCompleted",
    "isComplete": false,
    "completedLabel": null,
    "isSpanTask": false,
    "isRunning": false,
    "isError": false,
    "isEmbargo": false
  }],
  "nextTaskDue": 1
}
