[{
  "productId": 0,
  "phaseId": 0,
  "cycle": 0,
  "rotationGrpNum": 217,
  "milestoneId": 0,
  "taskId": 2,
  "acronym": "  217 Private - Aircraft Manufacturing",
  "userId": 0,
  "taskLabel": "    2 - Write Tech Memo for Panel Changes",
  "due": "10/09/2018",
  "processStatusId": 1,
  "status": "Past Due",
  "productSelectedIndex": 0
}, {
  "productId": 0,
  "phaseId": 0,
  "cycle": 0,
  "rotationGrpNum": 217,
  "milestoneId": 0,
  "taskId": 3,
  "acronym": "  217 Private - Aircraft Manufacturing",
  "userId": 0,
  "taskLabel": "    3 - Get LDB file",
  "due": "10/09/2018",
  "processStatusId": 1,
  "status": "Pending",
  "productSelectedIndex": 0
}, {
  "productId": 0,
  "phaseId": 0,
  "cycle": 0,
  "rotationGrpNum": 217,
  "milestoneId": 0,
  "taskId": 4,
  "acronym": "  217 Private - Aircraft Manufacturing",
  "userId": 0,
  "taskLabel": "    4 - Run Create Frame Program",
  "due": "10/09/2018",
  "processStatusId": 1,
  "status": "Pending",
  "productSelectedIndex": 0
}, {
  "productId": 0,
  "phaseId": 0,
  "cycle": 0,
  "rotationGrpNum": 217,
  "milestoneId": 0,
  "taskId": 5,
  "acronym": "  217 Private - Aircraft Manufacturing",
  "userId": 0,
  "taskLabel": "    5 - Check Missing Area Report",
  "due": "10/09/2018",
  "processStatusId": 1,
  "status": "Pending",
  "productSelectedIndex": 0
}, {
  "productId": 0,
  "phaseId": 0,
  "cycle": 0,
  "rotationGrpNum": 217,
  "milestoneId": 0,
  "taskId": 8,
  "acronym": "  217 Private - Aircraft Manufacturing",
  "userId": 0,
  "taskLabel": "    8 - Sign off on Missing Certainty Report",
  "due": "10/10/2018",
  "processStatusId": 1,
  "status": "Pending",
  "productSelectedIndex": 0
}, {
  "productId": 0,
  "phaseId": 0,
  "cycle": 0,
  "rotationGrpNum": 217,
  "milestoneId": 0,
  "taskId": 9,
  "acronym": "  217 Private - Aircraft Manufacturing",
  "userId": 0,
  "taskLabel": "    9 - Run Allocation Against Frame Program",
  "due": "10/10/2018",
  "processStatusId": 1,
  "status": "Pending",
  "productSelectedIndex": 0
}, {
  "productId": 0,
  "phaseId": 0,
  "cycle": 0,
  "rotationGrpNum": 217,
  "milestoneId": 0,
  "taskId": 10,
  "acronym": "  217 Private - Aircraft Manufacturing",
  "userId": 0,
  "taskLabel": "   10 - Check Allocation Greater than Frame Report",
  "due": "10/10/2018",
  "processStatusId": 1,
  "status": "Pending",
  "productSelectedIndex": 0
}, {
  "productId": 0,
  "phaseId": 0,
  "cycle": 0,
  "rotationGrpNum": 217,
  "milestoneId": 0,
  "taskId": 11,
  "acronym": "  217 Private - Aircraft Manufacturing",
  "userId": 0,
  "taskLabel": "   11 - Signs off on Allocation Greater than Frame Report",
  "due": "10/11/2018",
  "processStatusId": 1,
  "status": "Pending",
  "productSelectedIndex": 0
}, {
  "productId": 0,
  "phaseId": 0,
  "cycle": 0,
  "rotationGrpNum": 217,
  "milestoneId": 0,
  "taskId": 12,
  "acronym": "  217 Private - Aircraft Manufacturing",
  "userId": 0,
  "taskLabel": "   12 - Run Select Sample (Non-certainties Selection and Sets Overlaps) Program",
  "due": "01/11/2019",
  "processStatusId": 1,
  "status": "Pending",
  "productSelectedIndex": 0
}, {
  "productId": 0,
  "phaseId": 0,
  "cycle": 0,
  "rotationGrpNum": 217,
  "milestoneId": 0,
  "taskId": 13,
  "acronym": "  217 Private - Aircraft Manufacturing",
  "userId": 0,
  "taskLabel": "   13 - Write Tech Memo for Final Sample",
  "due": "10/26/2018",
  "processStatusId": 1,
  "status": "Pending",
  "productSelectedIndex": 0
}, {
  "productId": 0,
  "phaseId": 0,
  "cycle": 0,
  "rotationGrpNum": 217,
  "milestoneId": 0,
  "taskId": 14,
  "acronym": "  217 Private - Aircraft Manufacturing",
  "userId": 0,
  "taskLabel": "   14 - Review Frame Reports & Sample Reports",
  "due": "01/11/2019",
  "processStatusId": 1,
  "status": "Pending",
  "productSelectedIndex": 0
}, {
  "productId": 0,
  "phaseId": 0,
  "cycle": 0,
  "rotationGrpNum": 217,
  "milestoneId": 0,
  "taskId": 15,
  "acronym": "  217 Private - Aircraft Manufacturing",
  "userId": 0,
  "taskLabel": "   15 - Atlanta Panel Changes",
  "due": "01/11/2019",
  "processStatusId": 1,
  "status": "Pending",
  "productSelectedIndex": 0
}, {
  "productId": 0,
  "phaseId": 0,
  "cycle": 0,
  "rotationGrpNum": 217,
  "milestoneId": 0,
  "taskId": 16,
  "acronym": "  217 Private - Aircraft Manufacturing",
  "userId": 0,
  "taskLabel": "   16 - Boston Panel Changes",
  "due": "01/11/2019",
  "processStatusId": 1,
  "status": "Pending",
  "productSelectedIndex": 0
}, {
  "productId": 0,
  "phaseId": 0,
  "cycle": 0,
  "rotationGrpNum": 217,
  "milestoneId": 0,
  "taskId": 17,
  "acronym": "  217 Private - Aircraft Manufacturing",
  "userId": 0,
  "taskLabel": "   17 - Chicago Panel Changes",
  "due": "01/11/2019",
  "processStatusId": 1,
  "status": "Pending",
  "productSelectedIndex": 0
}, {
  "productId": 0,
  "phaseId": 0,
  "cycle": 0,
  "rotationGrpNum": 217,
  "milestoneId": 0,
  "taskId": 18,
  "acronym": "  217 Private - Aircraft Manufacturing",
  "userId": 0,
  "taskLabel": "   18 - Dallas Panel Changes",
  "due": "01/11/2019",
  "processStatusId": 1,
  "status": "Pending",
  "productSelectedIndex": 0
}, {
  "productId": 0,
  "phaseId": 0,
  "cycle": 0,
  "rotationGrpNum": 217,
  "milestoneId": 0,
  "taskId": 19,
  "acronym": "  217 Private - Aircraft Manufacturing",
  "userId": 0,
  "taskLabel": "   19 - Philadelphia Panel Changes",
  "due": "01/11/2019",
  "processStatusId": 1,
  "status": "Pending",
  "productSelectedIndex": 0
}, {
  "productId": 0,
  "phaseId": 0,
  "cycle": 0,
  "rotationGrpNum": 217,
  "milestoneId": 0,
  "taskId": 20,
  "acronym": "  217 Private - Aircraft Manufacturing",
  "userId": 0,
  "taskLabel": "   20 - San Francisco Panel Changes",
  "due": "01/21/2019",
  "processStatusId": 1,
  "status": "Pending",
  "productSelectedIndex": 0
}, {
  "productId": 0,
  "phaseId": 0,
  "cycle": 0,
  "rotationGrpNum": 217,
  "milestoneId": 0,
  "taskId": 21,
  "acronym": "  217 Private - Aircraft Manufacturing",
  "userId": 0,
  "taskLabel": "   21 - Run Post Panel Change Reports",
  "due": "01/21/2019",
  "processStatusId": 1,
  "status": "Pending",
  "productSelectedIndex": 0
}, {
  "productId": 0,
  "phaseId": 0,
  "cycle": 0,
  "rotationGrpNum": 217,
  "milestoneId": 0,
  "taskId": 22,
  "acronym": "  217 Private - Aircraft Manufacturing",
  "userId": 0,
  "taskLabel": "   22 - Approve Panel Changes and Final Sample",
  "due": "01/29/2019",
  "processStatusId": 1,
  "status": "Pending",
  "productSelectedIndex": 0
}, {
  "productId": 0,
  "phaseId": 0,
  "cycle": 0,
  "rotationGrpNum": 217,
  "milestoneId": 0,
  "taskId": 23,
  "acronym": "  217 Private - Aircraft Manufacturing",
  "userId": 0,
  "taskLabel": "   23 - Verify the data moved from Oracle to Sybase",
  "due": "05/31/2019",
  "processStatusId": 1,
  "status": "Pending",
  "productSelectedIndex": 0
}, {
  "productId": 0,
  "phaseId": 0,
  "cycle": 0,
  "rotationGrpNum": 217,
  "milestoneId": 0,
  "taskId": 24,
  "acronym": "  217 Private - Aircraft Manufacturing",
  "userId": 0,
  "taskLabel": "   24 - Rotation Schedule Report",
  "due": "05/31/2019",
  "processStatusId": 1,
  "status": "Ready",
  "productSelectedIndex": 0
}]
